Competitoin Name,# of Competitors,Decripton of Event,Example Competition Materials,Who are we Looking For?
Basic Health Care Skills,4 Teams of 1,"Contestants will demonstrate their knowledge and
ability to perform entry-level procedures or skills
based on specific core standards.
Building and Construction Trades/Energy,","- Recording material (Phone, laptop, etc)",biomed fs. should have an idea of what they could demonstrate or want to demonstrate
CPS - Health Services Cluster,2 Teams of 3,"Students will use their course of study to develop a
learning-based project that will benefit their class,
school, community, or industry. Students will create a
display and present their project.","Presentation Material (Poster, trifold, presentation, etc)",creative + good at public speaking
Health Knowledge Bowl,2 Teams of 4,"Tests teams of students on their collective knowledge within the healthcare system. Teams are judged on accuracy of answering questions in a variety of categories including: anatomy and physiology; medical terminology, healthcare procedures, healthcare systems; employability skills; legal responsibility; ethics; safety practices; current events related to Healthcare; communication and teamwork.",- Example Tests,- study
Medical Math,3 Teams of 1,"This contest consists of a written test consisting of measurements, conversions, ratio and proportions and dosage calculations.	",- Example Tests,- study
Medical Terminology,5 teams of 1,"Contestants will demonstrate knowledge of medical word roots, prefixes, suffixes, medical word building and medical abbreviations by successfully answering the questions. management, professionalism and professional appearance.",- Example Terms/ Sets,- study
,,,,
6 Competitions,26 Competitors,,,